<mxfile host="app.diagrams.net" modified="2025-03-26T12:00:00.000Z" agent="5.0 (Windows)" version="14.6.13">
  <diagram id="C5RBs43oDa-KdzZeNtuy" name="SIPREC">
    <mxGraphModel dx="1422" dy="798" grid="1" gridSize="10" guides="1" tooltips="1" connect="1" arrows="1" fold="1" page="1" pageScale="1" pageWidth="1169" pageHeight="827" math="0" shadow="0">
      <root>
        <mxCell id="WIyWlLk6GJQsqaUBKTNV-0" />
        <mxCell id="WIyWlLk6GJQsqaUBKTNV-1" parent="WIyWlLk6GJQsqaUBKTNV-0" />
        
        <!-- Usuario -->
        <mxCell id="zkfFHV4jXpPFQw0GAbJ--0" value="Usuario" style="swimlane;fontStyle=2;align=center;verticalAlign=top;childLayout=stackLayout;horizontal=1;startSize=26;horizontalStack=0;resizeParent=1;resizeLast=0;collapsible=1;marginBottom=0;rounded=0;shadow=0;strokeWidth=1;" parent="WIyWlLk6GJQsqaUBKTNV-1" vertex="1">
          <mxGeometry x="220" y="120" width="220" height="230" as="geometry">
            <mxRectangle x="230" y="140" width="160" height="26" as="alternateBounds" />
          </mxGeometry>
        </mxCell>
        <mxCell id="zkfFHV4jXpPFQw0GAbJ--1" value="- id: Long" style="text;align=left;verticalAlign=top;spacingLeft=4;spacingRight=4;overflow=hidden;rotatable=0;points=[[0,0.5],[1,0.5]];portConstraint=eastwest;" parent="zkfFHV4jXpPFQw0GAbJ--0" vertex="1">
          <mxGeometry y="26" width="220" height="26" as="geometry" />
        </mxCell>
        <mxCell id="zkfFHV4jXpPFQw0GAbJ--2" value="- nombre: String" style="text;align=left;verticalAlign=top;spacingLeft=4;spacingRight=4;overflow=hidden;rotatable=0;points=[[0,0.5],[1,0.5]];portConstraint=eastwest;rounded=0;shadow=0;html=0;" parent="zkfFHV4jXpPFQw0GAbJ--0" vertex="1">
          <mxGeometry y="52" width="220" height="26" as="geometry" />
        </mxCell>
        <mxCell id="zkfFHV4jXpPFQw0GAbJ--3" value="- correo: String" style="text;align=left;verticalAlign=top;spacingLeft=4;spacingRight=4;overflow=hidden;rotatable=0;points=[[0,0.5],[1,0.5]];portConstraint=eastwest;rounded=0;shadow=0;html=0;" parent="zkfFHV4jXpPFQw0GAbJ--0" vertex="1">
          <mxGeometry y="78" width="220" height="26" as="geometry" />
        </mxCell>
        <mxCell id="zkfFHV4jXpPFQw0GAbJ--4" value="- telefono: String" style="text;align=left;verticalAlign=top;spacingLeft=4;spacingRight=4;overflow=hidden;rotatable=0;points=[[0,0.5],[1,0.5]];portConstraint=eastwest;rounded=0;shadow=0;html=0;" parent="zkfFHV4jXpPFQw0GAbJ--0" vertex="1">
          <mxGeometry y="104" width="220" height="26" as="geometry" />
        </mxCell>
        <mxCell id="zkfFHV4jXpPFQw0GAbJ--5" value="- idioma: String" style="text;align=left;verticalAlign=top;spacingLeft=4;spacingRight=4;overflow=hidden;rotatable=0;points=[[0,0.5],[1,0.5]];portConstraint=eastwest;" parent="zkfFHV4jXpPFQw0GAbJ--0" vertex="1">
          <mxGeometry y="130" width="220" height="26" as="geometry" />
        </mxCell>
        <mxCell id="zkfFHV4jXpPFQw0GAbJ--6" value="- preferenciaNotificaciones: PreferenciasNotificacion" style="text;align=left;verticalAlign=top;spacingLeft=4;spacingRight=4;overflow=hidden;rotatable=0;points=[[0,0.5],[1,0.5]];portConstraint=eastwest;" parent="zkfFHV4jXpPFQw0GAbJ--0" vertex="1">
          <mxGeometry y="156" width="220" height="26" as="geometry" />
        </mxCell>
        <mxCell id="zkfFHV4jXpPFQw0GAbJ--7" value="" style="line;html=1;strokeWidth=1;align=left;verticalAlign=middle;spacingTop=-1;spacingLeft=3;spacingRight=3;rotatable=0;labelPosition=right;points=[];portConstraint=eastwest;" parent="zkfFHV4jXpPFQw0GAbJ--0" vertex="1">
          <mxGeometry y="182" width="220" height="8" as="geometry" />
        </mxCell>
        <mxCell id="zkfFHV4jXpPFQw0GAbJ--8" value="+ cambiarIdioma(idioma: String): void" style="text;align=left;verticalAlign=top;spacingLeft=4;spacingRight=4;overflow=hidden;rotatable=0;points=[[0,0.5],[1,0.5]];portConstraint=eastwest;rounded=0;shadow=0;html=0;" parent="zkfFHV4jXpPFQw0GAbJ--0" vertex="1">
          <mxGeometry y="190" width="220" height="26" as="geometry" />
        </mxCell>
        
        <!-- PoblacionGeneral -->
        <mxCell id="zkfFHV4jXpPFQw0GAbJ--13" value="PoblacionGeneral" style="swimlane;fontStyle=0;align=center;verticalAlign=top;childLayout=stackLayout;horizontal=1;startSize=26;horizontalStack=0;resizeParent=1;resizeLast=0;collapsible=1;marginBottom=0;rounded=0;shadow=0;strokeWidth=1;" parent="WIyWlLk6GJQsqaUBKTNV-1" vertex="1">
          <mxGeometry x="40" y="430" width="210" height="160" as="geometry">
            <mxRectangle x="340" y="380" width="170" height="26" as="alternateBounds" />
          </mxGeometry>
        </mxCell>
        <mxCell id="zkfFHV4jXpPFQw0GAbJ--14" value="- ubicacion: Ubicacion" style="text;align=left;verticalAlign=top;spacingLeft=4;spacingRight=4;overflow=hidden;rotatable=0;points=[[0,0.5],[1,0.5]];portConstraint=eastwest;" parent="zkfFHV4jXpPFQw0GAbJ--13" vertex="1">
          <mxGeometry y="26" width="210" height="26" as="geometry" />
        </mxCell>
        <mxCell id="zkfFHV4jXpPFQw0GAbJ--15" value="" style="line;html=1;strokeWidth=1;align=left;verticalAlign=middle;spacingTop=-1;spacingLeft=3;spacingRight=3;rotatable=0;labelPosition=right;points=[];portConstraint=eastwest;" parent="zkfFHV4jXpPFQw0GAbJ--13" vertex="1">
          <mxGeometry y="52" width="210" height="8" as="geometry" />
        </mxCell>
        <mxCell id="uKCLQYoNXgBV9Nd08t6j-1" value="+ consultarDatosClimaticos(): List&lt;Dato&gt;" style="text;align=left;verticalAlign=top;spacingLeft=4;spacingRight=4;overflow=hidden;rotatable=0;points=[[0,0.5],[1,0.5]];portConstraint=eastwest;" vertex="1" parent="zkfFHV4jXpPFQw0GAbJ--13">
          <mxGeometry y="60" width="210" height="26" as="geometry" />
        </mxCell>
        <mxCell id="uKCLQYoNXgBV9Nd08t6j-2" value="+ visualizarDatosHistoricos(): List&lt;Dato&gt;" style="text;align=left;verticalAlign=top;spacingLeft=4;spacingRight=4;overflow=hidden;rotatable=0;points=[[0,0.5],[1,0.5]];portConstraint=eastwest;" vertex="1" parent="zkfFHV4jXpPFQw0GAbJ--13">
          <mxGeometry y="86" width="210" height="26" as="geometry" />
        </mxCell>
        <mxCell id="uKCLQYoNXgBV9Nd08t6j-3" value="+ reportarIncidente(incidente: Incidente): void" style="text;align=left;verticalAlign=top;spacingLeft=4;spacingRight=4;overflow=hidden;rotatable=0;points=[[0,0.5],[1,0.5]];portConstraint=eastwest;" vertex="1" parent="zkfFHV4jXpPFQw0GAbJ--13">
          <mxGeometry y="112" width="210" height="26" as="geometry" />
        </mxCell>
        <mxCell id="uKCLQYoNXgBV9Nd08t6j-4" value="+ configurarPreferencias(pref: PreferenciasNotificacion): void" style="text;align=left;verticalAlign=top;spacingLeft=4;spacingRight=4;overflow=hidden;rotatable=0;points=[[0,0.5],[1,0.5]];portConstraint=eastwest;" vertex="1" parent="zkfFHV4jXpPFQw0GAbJ--13">
          <mxGeometry y="138" width="210" height="22" as="geometry" />
        </mxCell>

        <!-- PersonalEmergencias -->
        <mxCell id="zkfFHV4jXpPFQw0GAbJ--17" value="PersonalEmergencias" style="swimlane;fontStyle=0;align=center;verticalAlign=top;childLayout=stackLayout;horizontal=1;startSize=26;horizontalStack=0;resizeParent=1;resizeLast=0;collapsible=1;marginBottom=0;rounded=0;shadow=0;strokeWidth=1;" parent="WIyWlLk6GJQsqaUBKTNV-1" vertex="1">
          <mxGeometry x="270" y="430" width="260" height="220" as="geometry">
            <mxRectangle x="550" y="140" width="160" height="26" as="alternateBounds" />
          </mxGeometry>
        </mxCell>
        <mxCell id="zkfFHV4jXpPFQw0GAbJ--18" value="- jurisdiccion: Jurisdiccion" style="text;align=left;verticalAlign=top;spacingLeft=4;spacingRight=4;overflow=hidden;rotatable=0;points=[[0,0.5],[1,0.5]];portConstraint=eastwest;" parent="zkfFHV4jXpPFQw0GAbJ--17" vertex="1">
          <mxGeometry y="26" width="260" height="26" as="geometry" />
        </mxCell>
        <mxCell id="zkfFHV4jXpPFQw0GAbJ--19" value="- rango: String" style="text;align=left;verticalAlign=top;spacingLeft=4;spacingRight=4;overflow=hidden;rotatable=0;points=[[0,0.5],[1,0.5]];portConstraint=eastwest;rounded=0;shadow=0;html=0;" parent="zkfFHV4jXpPFQw0GAbJ--17" vertex="1">
          <mxGeometry y="52" width="260" height="26" as="geometry" />
        </mxCell>
        <mxCell id="zkfFHV4jXpPFQw0GAbJ--23" value="" style="line;html=1;strokeWidth=1;align=left;verticalAlign=middle;spacingTop=-1;spacingLeft=3;spacingRight=3;rotatable=0;labelPosition=right;points=[];portConstraint=eastwest;" parent="zkfFHV4jXpPFQw0GAbJ--17" vertex="1">
          <mxGeometry y="78" width="260" height="8" as="geometry" />
        </mxCell>
        <mxCell id="zkfFHV4jXpPFQw0GAbJ--24" value="+ enviarReporte(reporte: Reporte): void" style="text;align=left;verticalAlign=top;spacingLeft=4;spacingRight=4;overflow=hidden;rotatable=0;points=[[0,0.5],[1,0.5]];portConstraint=eastwest;" parent="zkfFHV4jXpPFQw0GAbJ--17" vertex="1">
          <mxGeometry y="86" width="260" height="26" as="geometry" />
        </mxCell>
        <mxCell id="zkfFHV4jXpPFQw0GAbJ--25" value="+ registrarActuacion(actuacion: Actuacion): void" style="text;align=left;verticalAlign=top;spacingLeft=4;spacingRight=4;overflow=hidden;rotatable=0;points=[[0,0.5],[1,0.5]];portConstraint=eastwest;" parent="zkfFHV4jXpPFQw0GAbJ--17" vertex="1">
          <mxGeometry y="112" width="260" height="26" as="geometry" />
        </mxCell>
        <mxCell id="uKCLQYoNXgBV9Nd08t6j-5" value="+ actualizarEstadoZona(zona: Zona, estado: Estado): void" style="text;align=left;verticalAlign=top;spacingLeft=4;spacingRight=4;overflow=hidden;rotatable=0;points=[[0,0.5],[1,0.5]];portConstraint=eastwest;" vertex="1" parent="zkfFHV4jXpPFQw0GAbJ--17">
          <mxGeometry y="138" width="260" height="26" as="geometry" />
        </mxCell>
        <mxCell id="uKCLQYoNXgBV9Nd08t6j-6" value="+ enviarAvisoUsuarios(aviso: Aviso): void" style="text;align=left;verticalAlign=top;spacingLeft=4;spacingRight=4;overflow=hidden;rotatable=0;points=[[0,0.5],[1,0.5]];portConstraint=eastwest;" vertex="1" parent="zkfFHV4jXpPFQw0GAbJ--17">
          <mxGeometry y="164" width="260" height="26" as="geometry" />
        </mxCell>
        <mxCell id="uKCLQYoNXgBV9Nd08t6j-7" value="+ consultarHistorico(): List&lt;Actuacion&gt;" style="text;align=left;verticalAlign=top;spacingLeft=4;spacingRight=4;overflow=hidden;rotatable=0;points=[[0,0.5],[1,0.5]];portConstraint=eastwest;" vertex="1" parent="zkfFHV4jXpPFQw0GAbJ--17">
          <mxGeometry y="190" width="260" height="26" as="geometry" />
        </mxCell>
        
        <!-- AutoridadGubernamental -->
        <mxCell id="uKCLQYoNXgBV9Nd08t6j-8" value="AutoridadGubernamental" style="swimlane;fontStyle=0;align=center;verticalAlign=top;childLayout=stackLayout;horizontal=1;startSize=26;horizontalStack=0;resizeParent=1;resizeLast=0;collapsible=1;marginBottom=0;rounded=0;shadow=0;strokeWidth=1;" vertex="1" parent="WIyWlLk6GJQsqaUBKTNV-1">
          <mxGeometry x="550" y="430" width="280" height="220" as="geometry">
            <mxRectangle x="550" y="140" width="160" height="26" as="alternateBounds" />
          </mxGeometry>
        </mxCell>
        <mxCell id="uKCLQYoNXgBV9Nd08t6j-9" value="- cargo: String" style="text;align=left;verticalAlign=top;spacingLeft=4;spacingRight=4;overflow=hidden;rotatable=0;points=[[0,0.5],[1,0.5]];portConstraint=eastwest;" vertex="1" parent="uKCLQYoNXgBV9Nd08t6j-8">
          <mxGeometry y="26" width="280" height="26" as="geometry" />
        </mxCell>
        <mxCell id="uKCLQYoNXgBV9Nd08t6j-10" value="- nivelAcceso: Integer" style="text;align=left;verticalAlign=top;spacingLeft=4;spacingRight=4;overflow=hidden;rotatable=0;points=[[0,0.5],[1,0.5]];portConstraint=eastwest;rounded=0;shadow=0;html=0;" vertex="1" parent="uKCLQYoNXgBV9Nd08t6j-8">
          <mxGeometry y="52" width="280" height="26" as="geometry" />
        </mxCell>
        <mxCell id="uKCLQYoNXgBV9Nd08t6j-11" value="" style="line;html=1;strokeWidth=1;align=left;verticalAlign=middle;spacingTop=-1;spacingLeft=3;spacingRight=3;rotatable=0;labelPosition=right;points=[];portConstraint=eastwest;" vertex="1" parent="uKCLQYoNXgBV9Nd08t6j-8">
          <mxGeometry y="78" width="280" height="8" as="geometry" />
        </mxCell>
        <mxCell id="uKCLQYoNXgBV9Nd08t6j-12" value="+ gestionarProtocolos(protocolo: Protocolo): void" style="text;align=left;verticalAlign=top;spacingLeft=4;spacingRight=4;overflow=hidden;rotatable=0;points=[[0,0.5],[1,0.5]];portConstraint=eastwest;" vertex="1" parent="uKCLQYoNXgBV9Nd08t6j-8">
          <mxGeometry y="86" width="280" height="26" as="geometry" />
        </mxCell>
        <mxCell id="uKCLQYoNXgBV9Nd08t6j-13" value="+ administrarPermisos(permisos: List&lt;Permiso&gt;): void" style="text;align=left;verticalAlign=top;spacingLeft=4;spacingRight=4;overflow=hidden;rotatable=0;points=[[0,0.5],[1,0.5]];portConstraint=eastwest;" vertex="1" parent="uKCLQYoNXgBV9Nd08t6j-8">
          <mxGeometry y="112" width="280" height="26" as="geometry" />
        </mxCell>
        <mxCell id="uKCLQYoNXgBV9Nd08t6j-14" value="+ crearUsuarioAutorizado(usuario: Usuario): void" style="text;align=left;verticalAlign=top;spacingLeft=4;spacingRight=4;overflow=hidden;rotatable=0;points=[[0,0.5],[1,0.5]];portConstraint=eastwest;" vertex="1" parent="uKCLQYoNXgBV9Nd08t6j-8">
          <mxGeometry y="138" width="280" height="26" as="geometry" />
        </mxCell>
        <mxCell id="uKCLQYoNXgBV9Nd08t6j-15" value="+ publicarInformacion(info: Informacion): void" style="text;align=left;verticalAlign=top;spacingLeft=4;spacingRight=4;overflow=hidden;rotatable=0;points=[[0,0.5],[1,0.5]];portConstraint=eastwest;" vertex="1" parent="uKCLQYoNXgBV9Nd08t6j-8">
          <mxGeometry y="164" width="280" height="26" as="geometry" />
        </mxCell>
        <mxCell id="uKCLQYoNXgBV9Nd08t6j-16" value="+ modificarJurisdicciones(jurisdiccion: Jurisdiccion): void" style="text;align=left;verticalAlign=top;spacingLeft=4;spacingRight=4;overflow=hidden;rotatable=0;points=[[0,0.5],[1,0.5]];portConstraint=eastwest;" vertex="1" parent="uKCLQYoNXgBV9Nd08t6j-8">
          <mxGeometry y="190" width="280" height="26" as="geometry" />
        </mxCell>
        
        <!-- CentroMeteorologico -->
        <mxCell id="uKCLQYoNXgBV9Nd08t6j-17" value="CentroMeteorologico" style="swimlane;fontStyle=0;align=center;verticalAlign=top;childLayout=stackLayout;horizontal=1;startSize=26;horizontalStack=0;resizeParent=1;resizeLast=0;collapsible=1;marginBottom=0;rounded=0;shadow=0;strokeWidth=1;" vertex="1" parent="WIyWlLk6GJQsqaUBKTNV-1">
          <mxGeometry x="850" y="430" width="260" height="160" as="geometry">
            <mxRectangle x="550" y="140" width="160" height="26" as="alternateBounds" />
          </mxGeometry>
        </mxCell>
        <mxCell id="uKCLQYoNXgBV9Nd08t6j-18" value="- institucion: String" style="text;align=left;verticalAlign=top;spacingLeft=4;spacingRight=4;overflow=hidden;rotatable=0;points=[[0,0.5],[1,0.5]];portConstraint=eastwest;" vertex="1" parent="uKCLQYoNXgBV9Nd08t6j-17">
          <mxGeometry y="26" width="260" height="26" as="geometry" />
        </mxCell>
        <mxCell id="uKCLQYoNXgBV9Nd08t6j-19" value="- modelosCompatibles: List&lt;String&gt;" style="text;align=left;verticalAlign=top;spacingLeft=4;spacingRight=4;overflow=hidden;rotatable=0;points=[[0,0.5],[1,0.5]];portConstraint=eastwest;rounded=0;shadow=0;html=0;" vertex="1" parent="uKCLQYoNXgBV9Nd08t6j-17">
          <mxGeometry y="52" width="260" height="26" as="geometry" />
        </mxCell>
        <mxCell id="uKCLQYoNXgBV9Nd08t6j-20" value="" style="line;html=1;strokeWidth=1;align=left;verticalAlign=middle;spacingTop=-1;spacingLeft=3;spacingRight=3;rotatable=0;labelPosition=right;points=[];portConstraint=eastwest;" vertex="1" parent="uKCLQYoNXgBV9Nd08t6j-17">
          <mxGeometry y="78" width="260" height="8" as="geometry" />
        </mxCell>
        <mxCell id="uKCLQYoNXgBV9Nd08t6j-21" value="+ configurarUmbralesRiesgo(umbrales: Map): void" style="text;align=left;verticalAlign=top;spacingLeft=4;spacingRight=4;overflow=hidden;rotatable=0;points=[[0,0.5],[1,0.5]];portConstraint=eastwest;" vertex="1" parent="uKCLQYoNXgBV9Nd08t6j-17">
          <mxGeometry y="86" width="260" height="26" as="geometry" />
        </mxCell>
        <mxCell id="uKCLQYoNXgBV9Nd08t6j-22" value="+ integrarModeloClimatico(modelo: ModeloClimatico): void" style="text;align=left;verticalAlign=top;spacingLeft=4;spacingRight=4;overflow=hidden;rotatable=0;points=[[0,0.5],[1,0.5]];portConstraint=eastwest;" vertex="1" parent="uKCLQYoNXgBV9Nd08t6j-17">
          <mxGeometry y="112" width="260" height="26" as="geometry" />
        </mxCell>
        <mxCell id="uKCLQYoNXgBV9Nd08t6j-23" value="+ analizarDatos(datos: List&lt;Dato&gt;): Analisis" style="text;align=left;verticalAlign=top;spacingLeft=4;spacingRight=4;overflow=hidden;rotatable=0;points=[[0,0.5],[1,0.5]];portConstraint=eastwest;" vertex="1" parent="uKCLQYoNXgBV9Nd08t6j-17">
          <mxGeometry y="138" width="260" height="22" as="geometry" />
        </mxCell>

        <!-- Alerta -->
        <mxCell id="uKCLQYoNXgBV9Nd08t6j-24" value="Alerta" style="swimlane;fontStyle=0;align=center;verticalAlign=top;childLayout=stackLayout;horizontal=1;startSize=26;horizontalStack=0;resizeParent=1;resizeLast=0;collapsible=1;marginBottom=0;rounded=0;shadow=0;strokeWidth=1;" vertex="1" parent="WIyWlLk6GJQsqaUBKTNV-1">
          <mxGeometry x="550" y="120" width="220" height="190" as="geometry">
            <mxRectangle x="550" y="140" width="160" height="26" as="alternateBounds" />
          </mxGeometry>
        </mxCell>
        <mxCell id="uKCLQYoNXgBV9Nd08t6j-25" value="- id: Long" style="text;align=left;verticalAlign=top;spacingLeft=4;spacingRight=4;overflow=hidden;rotatable=0;points=[[0,0.5],[1,0.5]];portConstraint=eastwest;" vertex="1" parent="uKCLQYoNXgBV9Nd08t6j-24">
          <mxGeometry y="26" width="220" height="26" as="geometry" />
        </mxCell>
        <mxCell id="uKCLQYoNXgBV9Nd08t6j-26" value="- tipoAlerta: TipoAlerta" style="text;align=left;verticalAlign=top;spacingLeft=4;spacingRight=4;overflow=hidden;rotatable=0;points=[[0,0.5],[1,0.5]];portConstraint=eastwest;rounded=0;shadow=0;html=0;" vertex="1" parent="uKCLQYoNXgBV9Nd08t6j-24">
          <mxGeometry y="52" width="220" height="26" as="geometry" />
        </mxCell>
        <mxCell id="uKCLQYoNXgBV9Nd08t6j-27" value="- nivelSeveridad: NivelSeveridad" style="text;align=left;verticalAlign=top;spacingLeft=4;spacingRight=4;overflow=hidden;rotatable=0;points=[[0,0.5],[1,0.5]];portConstraint=eastwest;rounded=0;shadow=0;html=0;" vertex="1" parent="uKCLQYoNXgBV9Nd08t6j-24">
          <mxGeometry y="78" width="220" height="26" as="geometry" />
        </mxCell>
        <mxCell id="uKCLQYoNXgBV9Nd08t6j-28" value="- ubicacion: Ubicacion" style="text;align=left;verticalAlign=top;spacingLeft=4;spacingRight=4;overflow=hidden;rotatable=0;points=[[0,0.5],[1,0.5]];portConstraint=eastwest;rounded=0;shadow=0;html=0;" vertex="1" parent="uKCLQYoNXgBV9Nd08t6j-24">
          <mxGeometry y="104" width="220" height="26" as="geometry" />
        </mxCell>
        <mxCell id="uKCLQYoNXgBV9Nd08t6j-29" value="- fechaHora: Date" style="text;align=left;verticalAlign=top;spacingLeft=4;spacingRight=4;overflow=hidden;rotatable=0;points=[[0,0.5],[1,0.5]];portConstraint=eastwest;rounded=0;shadow=0;html=0;" vertex="1" parent="uKCLQYoNXgBV9Nd08t6j-24">
          <mxGeometry y="130" width="220" height="26" as="geometry" />
        </mxCell>
        <mxCell id="uKCLQYoNXgBV9Nd08t6j-30" value="" style="line;html=1;strokeWidth=1;align=left;verticalAlign=middle;spacingTop=-1;spacingLeft=3;spacingRight=3;rotatable=0;labelPosition=right;points=[];portConstraint=eastwest;" vertex="1" parent="uKCLQYoNXgBV9Nd08t6j-24">
          <mxGeometry y="156" width="220" height="8" as="geometry" />
        </mxCell>
        <mxCell id="uKCLQYoNXgBV9Nd08t6j-31" value="+ enviarNotificacion(): void" style="text;align=left;verticalAlign=top;spacingLeft=4;spacingRight=4;overflow=hidden;rotatable=0;points=[[0,0.5],[1,0.5]];portConstraint=eastwest;" vertex="1" parent="uKCLQYoNXgBV9Nd08t6j-24">
          <mxGeometry y="164" width="220" height="26" as="geometry" />
        </mxCell>

        <!-- Sensor -->
        <mxCell id="uKCLQYoNXgBV9Nd08t6j-32" value="Sensor" style="swimlane;fontStyle=0;align=center;verticalAlign=top;childLayout=stackLayout;horizontal=1;startSize=26;horizontalStack=0;resizeParent=1;resizeLast=0;collapsible=1;marginBottom=0;rounded=0;shadow=0;strokeWidth=1;" vertex="1" parent="WIyWlLk6GJQsqaUBKTNV-1">
          <mxGeometry x="850" y="120" width="220" height="190" as="geometry">
            <mxRectangle x="550" y="140" width="160" height="26" as="alternateBounds" />
          </mxGeometry>
        </mxCell>
        <mxCell id="uKCLQYoNXgBV9Nd08t6j-33" value="- id: Long" style="text;align=left;verticalAlign=top;spacingLeft=4;spacingRight=4;overflow=hidden;rotatable=0;points=[[0,0.5],[1,0.5]];portConstraint=eastwest;" vertex="1" parent="uKCLQYoNXgBV9Nd08t6j-32">
          <mxGeometry y="26" width="220" height="26" as="geometry" />
        </mxCell>
        <mxCell id="uKCLQYoNXgBV9Nd08t6j-34" value="- tipo: TipoSensor" style="text;align=left;verticalAlign=top;spacingLeft=4;spacingRight=4;overflow=hidden;rotatable=0;points=[[0,0.5],[1,0.5]];portConstraint=eastwest;rounded=0;shadow=0;html=0;" vertex="1" parent="uKCLQYoNXgBV9Nd08t6j-32">
          <mxGeometry y="52" width="220" height="26" as="geometry" />
        </mxCell>
        <mxCell id="uKCLQYoNXgBV9Nd08t6j-35" value="- ubicacion: Ubicacion" style="text;align=left;verticalAlign=top;spacingLeft=4;spacingRight=4;overflow=hidden;rotatable=0;points=[[0,0.5],[1,0.5]];portConstraint=eastwest;rounded=0;shadow=0;html=0;" vertex="1" parent="uKCLQYoNXgBV9Nd08t6j-32">
          <mxGeometry y="78" width="220" height="26" as="geometry" />
        </mxCell>
        <mxCell id="uKCLQYoNXgBV9Nd08t6j-36" value="- ultimaLectura: Date" style="text;align=left;verticalAlign=top;spacingLeft=4;spacingRight=4;overflow=hidden;rotatable=0;points=[[0,0.5],[1,0.5]];portConstraint=eastwest;rounded=0;shadow=0;html=0;" vertex="1" parent="uKCLQYoNXgBV9Nd08t6j-32">
          <mxGeometry y="104" width="220" height="26" as="geometry" />
        </mxCell>
        <mxCell id="uKCLQYoNXgBV9Nd08t6j-37" value="- estado: EstadoSensor" style="text;align=left;verticalAlign=top;spacingLeft=4;spacingRight=4;overflow=hidden;rotatable=0;points=[[0,0.5],[1,0.5]];portConstraint=eastwest;rounded=0;shadow=0;html=0;" vertex="1" parent="uKCLQYoNXgBV9Nd08t6j-32">
          <mxGeometry y="130" width="220" height="26" as="geometry" />
        </mxCell>
        <mxCell id="uKCLQYoNXgBV9Nd08t6j-38" value="" style="line;html=1;strokeWidth=1;align=left;verticalAlign=middle;spacingTop=-1;spacingLeft=3;spacingRight=3;rotatable=0;labelPosition=right;points=[];portConstraint=eastwest;" vertex="1" parent="uKCLQYoNXgBV9Nd08t6j-32">
          <mxGeometry y="156" width="220" height="8" as="geometry" />
        </mxCell>
        <mxCell id="uKCLQYoNXgBV9Nd08t6j-39" value="+ recopilarDatos(): List&lt;Dato&gt;" style="text;align=left;verticalAlign=top;spacingLeft=4;spacingRight=4;overflow=hidden;rotatable=0;points=[[0,0.5],[1,0.5]];portConstraint=eastwest;" vertex="1" parent="uKCLQYoNXgBV9Nd08t6j-32">
          <mxGeometry y="164" width="220" height="26" as="geometry" />
        </mxCell>

        <!-- Ubicacion -->
        <mxCell id="uKCLQYoNXgBV9Nd08t6j-40" value="Ubicacion" style="swimlane;fontStyle=0;align=center;verticalAlign=top;childLayout=stackLayout;horizontal=1;startSize=26;horizontalStack=0;resizeParent=1;resizeLast=0;collapsible=1;marginBottom=0;rounded=0;shadow=0;strokeWidth=1;" vertex="1" parent="WIyWlLk6GJQsqaUBKTNV-1">
          <mxGeometry x="600" y="700" width="180" height="140" as="geometry">
            <mxRectangle x="550" y="140" width="160" height="26" as="alternateBounds" />
          </mxGeometry>
        </mxCell>
        <mxCell id="uKCLQYoNXgBV9Nd08t6j-41" value="- latitud: Double" style="text;align=left;verticalAlign=top;spacingLeft=4;spacingRight=4;overflow=hidden;rotatable=0;points=[[0,0.5],[1,0.5]];portConstraint=eastwest;" vertex="1" parent="uKCLQYoNXgBV9Nd08t6j-40">
          <mxGeometry y="26" width="180" height="26" as="geometry" />
        </mxCell>
        <mxCell id="uKCLQYoNXgBV9Nd08t6j-42" value="- longitud: Double" style="text;align=left;verticalAlign=top;spacingLeft=4;spacingRight=4;overflow=hidden;rotatable=0;points=[[0,0.5],[1,0.5]];portConstraint=eastwest;rounded=0;shadow=0;html=0;" vertex="1" parent="uKCLQYoNXgBV9Nd08t6j-40">
          <mxGeometry y="52" width="180" height="26" as="geometry" />
        </mxCell>
        <mxCell id="uKCLQYoNXgBV9Nd08t6j-43" value="- nombre: String" style="text;align=left;verticalAlign=top;spacingLeft=4;spacingRight=4;overflow=hidden;rotatable=0;points=[[0,0.5],[1,0.5]];portConstraint=eastwest;rounded=0;shadow=0;html=0;" vertex="1" parent="uKCLQYoNXgBV9Nd08t6j-40">
          <mxGeometry y="78" width="180" height="26" as="geometry" />
        </mxCell>
        <mxCell id="uKCLQYoNXgBV9Nd08t6j-44" value="" style="line;html=1;strokeWidth=1;align=left;verticalAlign=middle;spacingTop=-1;spacingLeft=3;spacingRight=3;rotatable=0;labelPosition=right;points=[];portConstraint=eastwest;" vertex="1" parent="uKCLQYoNXgBV9Nd08t6j-40">
          <mxGeometry y="104" width="180" height="8" as="geometry" />
        </mxCell>
        <mxCell id="uKCLQYoNXgBV9Nd08t6j-45" value="+ calcularDistancia(): Double" style="text;align=left;verticalAlign=top;spacingLeft=4;spacingRight=4;overflow=hidden;rotatable=0;points=[[0,0.5],[1,0.5]];portConstraint=eastwest;" vertex="1" parent="uKCLQYoNXgBV9Nd08t6j-40">
          <mxGeometry y="112" width="180" height="26" as="geometry" />
        </mxCell>

        <!-- Jurisdiccion -->
        <mxCell id="uKCLQYoNXgBV9Nd08t6j-46" value="Jurisdiccion" style="swimlane;fontStyle=0;align=center;verticalAlign=top;childLayout=stackLayout;horizontal=1;startSize=26;horizontalStack=0;resizeParent=1;resizeLast=0;collapsible=1;marginBottom=0;rounded=0;shadow=0;strokeWidth=1;" vertex="1" parent="WIyWlLk6GJQsqaUBKTNV-1">
          <mxGeometry x="370" y="700" width="190" height="120" as="geometry">
            <mxRectangle x="550" y="140" width="160" height="26" as="alternateBounds" />
          </mxGeometry>
        </mxCell>
        <mxCell id="uKCLQYoNXgBV9Nd08t6j-47" value="- id: Long" style="text;align=left;verticalAlign=top;spacingLeft=4;spacingRight=4;overflow=hidden;rotatable=0;points=[[0,0.5],[1,0.5]];portConstraint=eastwest;" vertex="1" parent="uKCLQYoNXgBV9Nd08t6j-46">
          <mxGeometry y="26" width="190" height="26" as="geometry" />
        </mxCell>
        <mxCell id="uKCLQYoNXgBV9Nd08t6j-48" value="- nombre: String" style="text;align=left;verticalAlign=top;spacingLeft=4;spacingRight=4;overflow=hidden;rotatable=0;points=[[0,0.5],[1,0.5]];portConstraint=eastwest;rounded=0;shadow=0;html=0;" vertex="1" parent="uKCLQYoNXgBV9Nd08t6j-46">
          <mxGeometry y="52" width="190" height="26" as="geometry" />
        </mxCell>
        <mxCell id="uKCLQYoNXgBV9Nd08t6j-49" value="- limites: List&lt;Ubicacion&gt;" style="text;align=left;verticalAlign=top;spacingLeft=4;spacingRight=4;overflow=hidden;rotatable=0;points=[[0,0.5],[1,0.5]];portConstraint=eastwest;rounded=0;shadow=0;html=0;" vertex="1" parent="uKCLQYoNXgBV9Nd08t6j-46">
          <mxGeometry y="78" width="190" height="26" as="geometry" />
        </mxCell>
        <mxCell id="uKCLQYoNXgBV9Nd08t6j-50" value="" style="line;html=1;strokeWidth=1;align=left;verticalAlign=middle;spacingTop=-1;spacingLeft=3;spacingRight=3;rotatable=0;labelPosition=right;points=[];portConstraint=eastwest;" vertex="1" parent="uKCLQYoNXgBV9Nd08t6j-46">
          <mxGeometry y="104" width="190" height="8" as="geometry" />
        </mxCell>

        <!-- Herencia Usuario -->
        <mxCell id="uKCLQYoNXgBV9Nd08t6j-51" value="" style="endArrow=block;endSize=16;endFill=0;html=1;rounded=0;exitX=0.5;exitY=0;exitDx=0;exitDy=0;entryX=0.25;entryY=1;entryDx=0;entryDy=0;" edge="1" parent="WIyWlLk6GJQsqaUBKTNV-1" source="zkfFHV4jXpPFQw0GAbJ--13" target="zkfFHV4jXpPFQw0GAbJ--0">
          <mxGeometry width="160" relative="1" as="geometry">
            <mxPoint x="490" y="440" as="sourcePoint" />
            <mxPoint x="650" y="440" as="targetPoint" />
          </mxGeometry>
        </mxCell>
        <mxCell id="uKCLQYoNXgBV9Nd08t6j-52" value="" style="endArrow=block;endSize=16;endFill=0;html=1;rounded=0;exitX=0.5;exitY=0;exitDx=0;exitDy=0;entryX=0.5;entryY=1;entryDx=0;entryDy=0;" edge="1" parent="WIyWlLk6GJQsqaUBKTNV-1" source="zkfFHV4jXpPFQw0GAbJ--17" target="zkfFHV4jXpPFQw0GAbJ--0">
          <mxGeometry width="160" relative="1" as="geometry">
            <mxPoint x="155" y="440" as="sourcePoint" />
            <mxPoint x="275" y="360" as="targetPoint" />
          </mxGeometry>
        </mxCell>
        <mxCell id="uKCLQYoNXgBV9Nd08t6j-53" value="" style="endArrow=block;endSize=16;endFill=0;html=1;rounded=0;exitX=0.5;exitY=0;exitDx=0;exitDy=0;entryX=0.75;entryY=1;entryDx=0;entryDy=0;" edge="1" parent="WIyWlLk6GJQsqaUBKTNV-1" source="uKCLQYoNXgBV9Nd08t6j-8" target="zkfFHV4jXpPFQw0GAbJ--0">
          <mxGeometry width="160" relative="1" as="geometry">
            <mxPoint x="410" y="440" as="sourcePoint" />
            <mxPoint x="340" y="360" as="targetPoint" />
          </mxGeometry>
        </mxCell>
        <mxCell id="uKCLQYoNXgBV9Nd08t6j-54" value="" style="endArrow=block;endSize=16;endFill=0;html=1;rounded=0;exitX=0.5;exitY=0;exitDx=0;exitDy=0;entryX=1;entryY=1;entryDx=0;entryDy=0;" edge="1" parent="WIyWlLk6GJQsqaUBKTNV-1" source="uKCLQYoNXgBV9Nd08t6j-17" target="zkfFHV4jXpPFQw0GAbJ--0">
          <mxGeometry width="160" relative="1" as="geometry">
            <mxPoint x="700" y="440" as="sourcePoint" />
            <mxPoint x="395" y="360" as="targetPoint" />
          </mxGeometry>
        </mxCell>

        <!-- Relaciones -->
        <mxCell id="uKCLQYoNXgBV9Nd08t6j-55" value="genera" style="endArrow=open;html=1;endSize=12;startArrow=diamondThin;startSize=14;startFill=0;edgeStyle=orthogonalEdgeStyle;rounded=0;exitX=1;exitY=0.5;exitDx=0;exitDy=0;entryX=0;entryY=0.5;entryDx=0;entryDy=0;" edge="1" parent="WIyWlLk6GJQsqaUBKTNV-1" source="uKCLQYoNXgBV9Nd08t6j-22" target="uKCLQYoNXgBV9Nd08t6j-25">
          <mxGeometry relative="1" as="geometry">
            <mxPoint x="490" y="440" as="sourcePoint" />
            <mxPoint x="650" y="440" as="targetPoint" />
            <Array as="points">
              <mxPoint x="1130" y="555" />
              <mxPoint x="1130" y="30" />
              <mxPoint x="510" y="30" />
              <mxPoint x="510" y="159" />
            </Array>
          </mxGeometry>
        </mxCell>
        <mxCell id="uKCLQYoNXgBV9Nd08t6j-56" value="1..n" style="edgeLabel;html=1;align=center;verticalAlign=middle;resizable=0;points=[];" vertex="1" connectable="0" parent="uKCLQYoNXgBV9Nd08t6j-55">
          <mxGeometry x="0.9" y="1" relative="1" as="geometry">
            <mxPoint x="-11" as="offset" />
          </mxGeometry>
        </mxCell>
        <mxCell id="uKCLQYoNXgBV9Nd08t6j-57" value="notifica" style="endArrow=open;html=1;endSize=12;startArrow=diamondThin;startSize=14;startFill=0;edgeStyle=orthogonalEdgeStyle;rounded=0;exitX=0;exitY=0.5;exitDx=0;exitDy=0;entryX=1;entryY=0.5;entryDx=0;entryDy=0;" edge="1" parent="WIyWlLk6GJQsqaUBKTNV-1" source="uKCLQYoNXgBV9Nd08t6j-25" target="zkfFHV4jXpPFQw0GAbJ--1">
          <mxGeometry relative="1" as="geometry">
            <mxPoint x="490" y="440" as="sourcePoint" />
            <mxPoint x="650" y="440" as="targetPoint" />
          </mxGeometry>
        </mxCell>
        <mxCell id="uKCLQYoNXgBV9Nd08t6j-58" value="1..n" style="edgeLabel;html=1;align=center;verticalAlign=middle;resizable=0;points=[];" vertex="1" connectable="0" parent="uKCLQYoNXgBV9Nd08t6j-57">
          <mxGeometry x="0.9" y="1" relative="1" as="geometry">
            <mxPoint x="15" as="offset" />
          </mxGeometry>
        </mxCell>
        <mxCell id="uKCLQYoNXgBV9Nd08t6j-59" value="envía" style="edgeLabel;html=1;align=center;verticalAlign=middle;resizable=0;points=[];" vertex="1" connectable="0" parent="uKCLQYoNXgBV9Nd08t6j-57">
          <mxGeometry x="-0.0824" y="-1" relative="1" as="geometry">
            <mxPoint y="-11" as="offset" />
          </mxGeometry>
        </mxCell>
        <mxCell id="uKCLQYoNXgBV9Nd08t6j-60" value="Pertenece" style="endArrow=open;html=1;endSize=12;startArrow=diamondThin;startSize=14;startFill=0;edgeStyle=orthogonalEdgeStyle;rounded=0;exitX=0.5;exitY=1;exitDx=0;exitDy=0;" edge="1" parent="WIyWlLk6GJQsqaUBKTNV-1" source="zkfFHV4jXpPFQw0GAbJ--17" target="uKCLQYoNXgBV9Nd08t6j-46">
          <mxGeometry relative="1" as="geometry">
            <mxPoint x="490" y="440" as="sourcePoint" />
            <mxPoint x="650" y="440" as="targetPoint" />
          </mxGeometry>
        </mxCell>
        
      </root>
    </mxGraphModel>
  </diagram>
</mxfile>